fonds, boite, annee, cotation, date, foliation, dimensions(mm), remarques, date_ISO, material, tipo_documento, genere, page_inventaire, description_inventaire, noms_inventaire, noms, lieux, dechirures(0-3), froissures(0-3), lacunes(0-3), plis(0-3), perte_de_matiere(0-3), perte_de_souplesse(0-1), poussiere(0-3), eclaircissement(0-3), taches(0-3), degradation_due_a_encre(0-3), humidite(0-3), moissisure(0-3), traces_insecte(0-3), risque(1-5), cartella_foto
dc.relation.ispartof, dc.relation.ispartof, dc.relation.ispartof, dc.identifier, dc.date.created, dc.format.extent, dc.format.extent, dc.description, dc.date, dc.format.medium, dc.type, dc.type, dc.relation.isReferencedBy, dc.description.abstract.legacy, dc.subject.legacy, dc.subject, dc.coverage, dc.description.condition.[tears], dc.description.condition.[wrinkles], dc.description.condition.[lacunae], dc.description.condition.[creases_(condition)], dc.description.condition.[crumbling], dc.description.condition.[stiffness], dc.description.condition.[dust], dc.description.condition.[fading], dc.description.condition.[stains_(damage)], dc.description.condition.[ferrogallic_process], dc.description.condition.[water_damage], dc.description.condition.[mold_(condition)], dc.description.condition.[insect_damage], dc.description.condition.risk_index, dc.identifier.uri
Ms4300, 40, 1657-1658, Ms4300/40/1, 1657 3 janvr, 4, 258 x 182, null, 1657-01-03, papier, manuscrit, atto notarile, 336, Dénonciation d'hypotheques par M.me d'Affis contre du Mas pour  [...] de l'acquisition qu'elle a fait des rentes de la maison noble de Lansac, d'Affis | [...] (maison de Lansac), """Daffis, Jean | Lafoy, Pierre | Daffis, Jean | Massiot, Anne de | Mar, du | Marer, François | Hiriart, Jean de | Cremer, (notaire)""", null, 0, 2, 0, 2, 1, 0, 2, 0, 1, 3, 0, 0, 0, , 
Ms4300, 40, 1657-1658, Ms4300/40/2, 1657 5 janvier, 2, 305 x 196, null, 1657-01-05, papier, manuscrit, atto notarile, null, null, null, null, null, 1, 2, 2, 3, 2, 0, 2, 2, 3, 1, 2, 2, 1, , 
Ms4300, 40, 1657-1658, Ms4300/40/3, 1657 janv 9, 2, 255 x 181, null, 1657-01-09, papier, manuscrit, ricevuta, 336, Qittance par un sergent royal a la pres.te d'Affis, d'affis, """Daffis, m.me""", null, 0, 2, 0, 2, 1, 0, 1, 0, 1, 2, 0, 0, 0, , 
Ms4300, 40, 1657-1658, Ms4300/40/4, 1657 2 fevr, 4, 309 x 192, null, 1657-02-02, papier, manuscrit, resoconto, 336, Extrait des payements fait a M.e Le Comte par les fermiers en l'Ile d'Olerôn, Olerôn | Le Comte, """Comte, Le""", Île d'Olerôn, 1, 2, 0, 2, 1, 0, 1, 0, 2, 2, 0, 0, 0, , 
Ms4300, 40, 1657-1658, Ms4300/40/5, 1657 9 fevr, 4, 247 x 184, pages siglé, 1657-02-09, papier, manuscrit, atto notarile, 336, [...] en faveur de Jacques Le comte de [...] a La Tresne, Le comte | La Tresne, """Ferran, (notaire) | Le Comte, Jacques""", Bordeaux, 1, 1, 1, 2, 1, 0, 1, 0, 2, 3, 0, 0, 1, , 
Ms4300, 40, 1657-1658, Ms4300/40/6, 1657 19 fev, 1, 240 x 187, null, 1657-02-19, papier, manuscrit, inventario, 336, Inventaires de pièces pour le procès entre M.r Le Comte et Germain du Pèries a propos de la maison noble de Larsan, du Péries | Larsan | Le comte, """Le Comte, Jacques""", null, 1, 3, 0, 2, 2, 0, 1, 0, 0, 1, 1, 0, 0, , 
Ms4300, 40, 1657-1658, Ms4300/40/7, 1657 22 fevr, 1, 100 x 289, null, 1657-02-22, parchemin, manuscrit, exploit, null, null, null, null, null, 0, 3, 1, 3, 0, 1, 0, 2, 3, 0, 2, 1, 0, , 
Ms4300, 40, 1657-1658, Ms4300/40/8, 1657 1^r mars, 1, 252 x 183, null, 1657-03-01, papier, manuscrit, supplie, 336, Requête de Jean Le Comte contre le fermiers du domain à propos des poursuites qu'il fout contre Joseph de Géres, de Géres |Le Comte, """Le Comte, Jean""", null, 0, 1, 0, 2, 0, 0, 1, 0, 2, 1, 1, 0, 0, , 
Ms4300, 40, 1657-1658, Ms4300/40/9/1, 1657 2 mars, 6, 251 x 183,  Cordelette rose et blanche, 1657-03-02, papier, manuscrit, memoire de payements, 336, """Pièces d'un procès entre Bernard de Sauvage et M.r de Pontac, a propos d'une maison à Miòs""", Sauvage | Miòs | de Pontac, """Sauvage, Bernard de la Mothe | Pontac, Arnaud de | Valz, de (notaire)""", null, 0, 2, 1, 2, 0, 0, 0, 0, 1, 2, 0, 0, 0, , 
Ms4300, 40, 1657-1658, Ms4300/40/9/2, vers 1657, 4, 254 x 181, Cordelette rose et blanche, 1657, papier, manuscrit, memoire de payements, null, null, null, """Sauvage, Bernard de La Mothe | Pontac, Arnaud de""", null, 0, 1, 1, 2, 0, 0, 1, 0, 2, 1, 0, 0, 0, , 
Ms4300, 40, 1657-1658, Ms4300/40/9/3, XVIIeme siècle, 1, 247 x 188,  Cordelette rose et blanche, 1600/1699, papier, manuscrit, supplie, null, null, null, """Sauvage, Bernard de La Mothe | Pontac, Arnaud de""", null, 0, 1, 1, 2, 0, 0, 0, 0, 1, 1, 2, 0, 0, , 
Ms4300, 40, 1657-1658, Ms4300/40/9/4, XVIIeme siècle, 1, 249 x 176, Cordelette rose et blanche, 1600/1699, papier, manuscrit, supplie, null, null, null, """Sauvage, Bernard de La Mothe | Pontac, Arnaud de""", null, 0, 2, 1, 2, 1, 0, 1, 0, 3, 1, 2, 0, 0, , 
Ms4300, 40, 1657-1658, Ms4300/40/9/5, XVIIeme siècle, 1, 286 x 261,  Cordelette rose et blanche, 1600/1699, papier, manuscrit, memoire de payements, null, null, null, """Sauvage, Bernard de La Mothe | Pontac, Arnaud de""", null, 0, 0, 1, 1, 0, 0, 0, 0, 1, 1, 0, 0, 0, , 
Ms4300, 40, 1657-1658, Ms4300/40/9/6, XVIIeme siècle, 1, 126 x 184,  Cordelette rose et blanche , 1600/1699, papier, manuscrit, memoire de payements, null, null, null, """Sauvage, Bernard de La Mothe""", null, 0, 1, 1, 2, 1, 0, 0, 0, 0, 2, 0, 0, 0, , 
Ms4300, 40, 1657-1658, Ms4300/40/9/7, XVIIeme siècle, 1, 242 x 177,  Cordelette rose et blanche, 1600/1699, papier, manuscrit, memoire de payements, null, null, null, """Sauvage, Bernard de La Mothe""", null, 3, 1, 3, 2, 3, 0, 0, 0, 2, 1, 2, 0, 0, , 
Ms4300, 40, 1657-1658, Ms4300/40/9/8, 1643, 1, 250 x 188,  Cordelette rose et blanche , 1643, papier, manuscrit, memoire de payements, null, null, null, """Sauvage, Bernard de La Mothe""", null, 2, 1, 1, 2, 0, 0, 0, 0, 2, 1, 1, 0, 0, , 
Ms4300, 40, 1657-1658, Ms4300/40/10/1, 1657 3 mars, 1, 255 x 172, Cordelette rose et blanche, 1657-03-03, papier, manuscrit, exploit, 336, """Assignation donné a la requête de Jacques Le Comte, à M.r de Gères, pour [...] certains titres""", de Géres |Le Comte, """Le Comte, Jacques""", null, 0, 1, 2, 3, 0, 0, 1, 0, 1, 2, 0, 0, 0, , 
Ms4300, 40, 1657-1658, Ms4300/40/10/2, 1657 17 mars, 2, 242 x 172,  Cordelette rose et blanche , 1657-03-17, papier, manuscrit, atto notarile, null, null, null, """Acombe, d' (notaire)""", Bordeaux, 0, 1, 1, 2, 1, 0, 1, 0, 1, 2, 0, 0, 0, , 
Ms4300, 40, 1657-1658, Ms4300/40/10/3, 1657 17 mars, 1, 242 x 172, Cordelette rose et blanche, 1657-03-17, papier, manuscrit, null, null, null, null, null, null, 0, 1, 1, 2, 0, 0, 1, 0, 1, 2, 0, 0, 0, , 
Ms4300, 40, 1657-1658, Ms4300/40/10/4, 1657 11 avril, 1, 253 x 184,  Cordelette rose et blanche, 1657-04-11, papier, manuscrit, supplie, null, null, null, """Le Comte, Jacques | Acombe, d' (notaire) | Salis, de (notaire)""", null, 0, 1, 1, 2, 0, 0, 1, 0, 1, 0, 0, 0, 0, , 
Ms4300, 40, 1657-1658, Ms4300/40/10/5, 1657 12 avril, 1, 253 x 184,  Cordelette rose et blanche , 1657-04-12, papier, manuscrit, supplie, null, null, null, """Le Comte, Jacques | Acombe, d' (notaire) | Salis, de (notaire)""", null, 0, 1, 1, 2, 0, 0, 1, 0, 1, 1, 0, 0, 0, , 
Ms4300, 40, 1657-1658, Ms4300/40/10/6, 1657 16 avril, 1, 255 x 184,  Cordelette rose et blanche , 1657-04-16, papier, manuscrit, supplie, null, null, null, """Le Comte, Jacques | Acombe, d' (notaire) | Salis, de (notaire)""", null, 0, 1, 1, 2, 0, 0, 1, 0, 1, 1, 0, 0, 0, , 
Ms4300, 40, 1657-1658, Ms4300/40/11, 1657 mars 3, 2, 257 x 176, null, 1657-03-03, papier, manuscrit, atto notarile, 336, Assignation donné à la requête de Jacques Le Comte à La Ferrière pour venir [...], La Ferrière | Le Comte, """Le Comte, Jacques""", null, 3, 1, 2, 2, 0, 0, 2, 0, 1, 2, 2, 0, 0, , 
Ms4300, 40, 1657-1658, Ms4300/40/12, 1657 4 mars, 1, 135 x 200, tache, 1657-03-04, papier, manuscrit, atto notarile, 336, Procuration par Margueritte de Ferron [...] M.r de Pontac pour reprendre un procès contre Arthur Le Comte, Le Comte |de Ferron | de Pontac, """Ferron de Carbonnieux, Margueritte de | Pontac, Gabriel de | Bousquillon""", null, 2, 2, 1, 0, 1, 0, 1, 0, 1, 1, 2, 0, 0, , 
Ms4300, 40, 1657-1658, Ms4300/40/13/1, 1657 4 mars, 1, 143 x 151, Cordelette rose, 1657-03-04, papier, manuscrit, atto notarile, null, null, null, """Pontac, Gabriel de""", null, 1, 2, 1, 1, 0, 0, 0, 0, 2, 1, 0, 0, 0, , 
Ms4300, 40, 1657-1658, Ms4300/40/13/2, 1657 8 mars, 1, 185 x 177, Cordelette rose, 1657-03-08, papier, manuscrit, null, null, null, null, null, null, 1, 1, 1, 0, 1, 0, 1, 0, 0, 1, 0, 0, 0, , 
Ms4300, 40, 1657-1658, Ms4300/40/13/3, 1657 4 avril, 2, 244 x 172, Cordelette rose, 1657-04-04, papier, manuscrit, atto notarile, null, null, null, """Mothe, Anyne de la | Ferron de Carbonnieux, d. de""", null, 0, 2, 1, 2, 0, 0, 1, 1, 1, 1, 0, 0, 0, , 
Ms4300, 40, 1657-1658, Ms4300/40/13/4, 1657 12 mai, 2, 240 x 171,  Cordelette rose , 1657-05-12, parchemin, manuscrit, atto notarile, null, null, null, """Pontac, Gabriel de | Ferron de Carbonnieux, d. de | Bousquillon""", null, 1, 2, 1, 2, 0, 0, 1, 0, 2, 1, 2, 0, 0, , 
Ms4300, 40, 1657-1658, Ms4300/40/13/5, 1657 6 juin, 1, 274 x 175,  Cordelette rose , 1657-06-06, papier, manuscrit, supplie, null, null, null, """Pontac, Gabriel de | Ferron de Carbonnieux, d. de | Bousquillon,""", null, 0, 2, 1, 2, 0, 0, 1, 0, 1, 1, 0, 0, 0, , 
Ms4300, 40, 1657-1658, Ms4300/40/13/6, 1657 8 juin, 2, 245 x 181, Cordelette rose, 1657-06-08, papier, manuscrit, atto notarile, null, null, null, """Mothe, Anyne de la | Ferron de Carbonnieux, d. de | Pontac, Gabriel de""", null, 0, 1, 1, 2, 1, 0, 1, 0, 1, 1, 0, 0, 0, , 
Ms4300, 40, 1657-1658, Ms4300/40/13/7, 1657 8 juin, 1, 115 x 171,  Cordelette rose, 1657-06-08, parchemin, manuscrit, atto notarile, null, null, null, """Pontac, Gabriel de | Ferron de Carbonnieux, d. de | Bousquillon""", null, 1, 2, 2, 2, 0, 0, 1, 1, 2, 1, 0, 0, 0, , 
Ms4300, 40, 1657-1658, Ms4300/40/13/8, 1657 juin 15, 1, 271 x 185,  Cordelette rose, 1657-06-15, papier, manuscrit, atto notarile, null, null, null, """Ferron de Carbonnieux, d. de | Bousquillon""", null, 1, 2, 1, 2, 0, 0, 1, 0, 1, 1, 0, 0, 0, , 
Ms4300, 40, 1657-1658, Ms4300/40/13/9, 1657 25 juin, 1, 273 x 185,  Cordelette rose, 1657-06-25, papier, manuscrit, lettre, null, null, null, """Pontac, Gabriel de | Ferron de Carbonnieux, d. de | Mothe, Anne de la | Segne, François de | Bousquillon""", null, 1, 0, 1, 2, 0, 0, 1, 1, 1, 2, 0, 0, 0, , 
Ms4300, 40, 1657-1658, Ms4300/40/13/10, 1657 9 juilliet, 1, 277 x 175,  Cordelette rose, 1657-07-09, papier, manuscrit, exploit, null, null, null, """Ferron de Carbonnieux, d. de | Bousquillon""", null, 1, 1, 1, 1, 1, 0, 1, 0, 1, 1, 0, 0, 0, , 
Ms4300, 40, 1657-1658, Ms4300/40/13/11, 1657 13 7bre, 1, 271 x 179,  Cordelette rose, 1657-09-13, papier, manuscrit, atto notarile, null, null, null, """Pontac, Gabriel de | Ferron de Carbonnieux, d. de | Mothe, d.e de la | Bousquillon""", null, 1, 1, 1, 2, 0, 0, 1, 0, 1, 1, 0, 0, 0, , 
Ms4300, 40, 1657-1658, Ms4300/40/13/12, 1657 21 9bre, 1, 275 x 178,  Cordelette rose, 1657-11-21, papier, manuscrit, atto notarile, null, null, null, """Pontac, Gabriel de | Ferron de Carbonnieux, d. de | Mothe, d.e de la | Bousquillon""", null, 0, 1, 1, 2, 0, 0, 1, 0, 1, 0, 0, 0, 0, , 
Ms4300, 40, 1657-1658, Ms4300/40/13/13, 1657 12 xbre, 1, 272 x 184,  Cordelette rose, 1657-12-12, papier, manuscrit, atto notarile, null, null, null, """Pontac, Gabriel de | Ferron de Carbonnieux, d. de | Mothe, Anne de la |  Bousquillon""", null, 0, 1, 1, 2, 1, 0, 1, 0, 1, 2, 0, 0, 0, , 
Ms4300, 40, 1657-1658, Ms4300/40/13/14, 1657 12 xbre, 1, 269 x 172,  Cordelette rose, 1657-12-12, papier, manuscrit, atto notarile, null, null, null, """Pontac, Gabriel de | Ferron de Carbonnieux, d. de | Bousquillon""", null, 0, 1, 1, 2, 0, 0, 1, 0, 1, 2, 0, 0, 0, , 
Ms4300, 40, 1657-1658, Ms4300/40/13/15, 1657 16 xbre, 1, 99 x 200,  Cordelette rose, 1657-12-16, parchemin, manuscrit, atto notarile, null, null, null, """Pontac, Gabriel de | Ferron de Carbonnieux, d. de | Mothe, d.e de la | Bousquillon""", null, 1, 3, 1, 1, 0, 0, 1, 2, 2, 1, 1, 1, 0, , 
Ms4300, 40, 1657-1658, Ms4300/40/13/16, 23 janv 1658, 2, 274 x 180,  Cordelette rose, 1658-01-23, papier, manuscrit, lettre, null, null, null, """Pontac, Gabriel de | Ferron de Carbonnieux, Margueritte de | Mothe, d.e de la | Bousquillon""", null, 0, 2, 1, 2, 0, 0, 1, 1, 2, 1, 0, 0, 0, , 
Ms4300, 40, 1657-1658, Ms4300/40/14, 1657 mars 5, 2, 204 x 158, Cachets de cire rouge, 1657-03-05, papier, manuscrit, lettre, null, null, null, null, Bordeaux, 1, 2, 0, 2, 0, 0, 1, 0, 1, 1, 0, 0, 0, , 
Ms4300, 40, 1657-1658, Ms4300/40/15, 1657 mars 6, 2, 225 x 167, Cachets de cire rouge, 1657-03-06, papier, manuscrit, lettre, null, null, null, """Tresne, La | Constantin, m.me de""", Bordeaux | Paris, 2, 1, 2, 2, 0, 0, 1, 0, 1, 3, 0, 0, 0, , 
Ms4300, 40, 1657-1658, Ms4300/40/16, 1657 10 mars, 2, 250 x 185, null, 1657-03-10, papier, manuscrit, supplie, 336, Requête de subrogation par M. Le Comte [...] contre M. du Perier, du Periés | Le Comte, """Le Comte, Jacques | [Dunal] | Salis, de ( notaire)""", null, 1, 1, 0, 2, 0, 0, 1, 0, 1, 2, 0, 0, 0, , 
Ms4300, 40, 1657-1658, Ms4300/40/17, 1657 12 mars, 2, 251 x 185, null, 1657-03-12, papier, manuscrit, supplie, 336, """Requête de [...] par Jacques Le Comte contre les du Perier, pour la maison de Larsan""", du Perier | Le Comte | Larsan, """Le Comte, Jacques | [Dunal] | Salis, de ( notaire)""", null, 0, 1, 0, 2, 0, 0, 1, 1, 1, 1, 1, 0, 0, , 
Ms4300, 40, 1657-1658, Ms4300/40/18, 1657 mars 13, 2, 216 x 174, null, 1657-03-13, parchemin, manuscrit, atto notarile, 337, Permission à Honoré de [...] d'[...] contre les hqbitants de Caudrot, de [...] | Caudrot, null, null, 3, 3, 3, 2, 0, 1, 1, 3, 3, 0, 2, 2, 0, , 
Ms4300, 40, 1657-1658, Ms4300/40/19, 1657 13 mars, 2, 255 x 183, null, 1657-03-13, papier, manuscrit, atto notarile, 337, Arret du parl.t [...] au S.r d'Arche d'entrer dans l'Ile de Caudrot [...] habitants de la ville d'y [...] du dégat et permettant  au M. de Lur d'y etablir une garde forestier, d'Arche | Caudrot Ile [...] | de Lur, """Arche, Bernard d'""", Bordeaux, 2, 1, 3, 2, 2, 0, 1, 2, 2, 3, 2, 0, 0, , 
Ms4300, 40, 1657-1658, Ms4300/40/20/1, 1657 16 mars, 2, 227 x 177, Cordelette rose, 1657-03-16, papier, manuscrit, atto notarile, null, null, null, """Le Comte, Jacques""", null, 1, 1, 1, 2, 1, 0, 1, 1, 2, 3, 0, 0, 0, , 
Ms4300, 40, 1657-1658, Ms4300/40/20/2, 1657 21 mars, 2, 307 x 198, Cordelette rose, 1657-03-21, papier, manuscrit, atto notarile, null, null, null, """Le Comte, Jacques | Minurelle, Philippe de | Salis, de (notaire)", null, 1, 1, 2, 3, 1, 0, 2, 2, 1, 0, 0, 0, 0, , 
Ms4300, 40, 1657-1658, Ms4300/40/20/3, 1657 22 mars, 1, 77 x 200, Cordelette rose, 1657-03-22, parchemin, manuscrit, atto notarile, null, null, null, null, Bordeaux, 1, 3, 2, 2, 1, 0, 1, 1, 0, 1, 1, 0, 0, , 
Ms4300, 40, 1657-1658, Ms4300/40/21, 1657 19 mars, 5, 245 x 183, null, 1657-03-19, papier, manuscrit, ricevuta, 337, Quittance d'une [...] par Daniel de Tustal a Daniel de Baudry, de Tustal | de Baudry, """Tustal, Daniel de | Baudry, Daniel de | [Pla...], d.elle Sibille de", Bordeaux, 0, 1, 0, 0, 1, 0, 1, 0, 1, 3, 0, 0, 0, , 
Ms4300, 40, 1657-1658, Ms4300/40/22, 1657 25 mars, 4, 311 x 197, timbre, 1657-03-25, papier, manuscrit, memoire de payements, 337, Acte concernant la baronne de Chaume [...] M. Le Comte, Chaume | Le Comte, """Chaume | Chaubard, m.me de""", null, 0, 2, 0, 2, 0, 0, 1, 0, 1, 3, 0, 0, 0, , 
Ms4300, 40, 1657-1658, Ms4300/40/23, 1657 31 mars, 1, 108 x 281, null, 1657-03-31, parchemin, manuscrit, null, null, null, null, """Pontac, Gabriel de | Ferron de Carbonnieux, d. de | Mothe, Anne de la""", null, 2, 2, 0, 2, 0, 0, 1, 0, 1, 0, 0, 0, 0, , 
Ms4300, 40, 1657-1658, Ms4300/40/24, 1657 mars 31, 2, 205 x 157, Cachets de cire rouge, 1657-03-31, papier, manuscrit, lettre, 337, Lettre [...] en faveur du curateur de la succession d'Anne de La Motte, de La Motte, null, null, 1, 2, 2, 2, 1, 0, 1, 0, 1, 1, 0, 0, 0, , 
Ms4300, 40, 1657-1658, Ms4300/40/25, 1657 8 avril, 4, 249 x 185, null, 1657-04-08, papier, manuscrit, contrat, 337, Obligation d'investiment de 3200 lt par M.r d'Alesme en faveur de S.r de Mons, d'Alesme | de Mons, """Alesme, Jacques de""", Bordeaux, 0, 1, 1, 2, 1, 0, 1, 1, 2, 1, 0, 0, 0, , 
Ms4300, 40, 1657-1658, Ms4300/40/26/1, 1657 12 avril, 4, 249 x 179, cordelette rouge, 1657-04-12, papier, manuscrit, contrat, 337, Obligation d'une somme de 1000 lt par [...] de [...] en faveur de [...] de Geniste, de Geniste | de La Larme, """Geneste, m.me de""", null, 0, 1, 1, 2, 0, 0, 1, 0, 1, 1, 1, 0, 0, , 
Ms4300, 40, 1657-1658, Ms4300/40/26/2, 1658 8 mars, 4, 231 x 177, cordelette rouge, 1658-03-08, papier, manuscrit, contrat, null, null, null, """Geneste, m.me de""", null, 0, 1, 1, 2, 1, 0, 1, 1, 1, 1, 1, 0, 0, , 
Ms4300, 40, 1657-1658, Ms4300/40/26/3, 1658 8 mars, 4, 252 x 182, cordelette rouge, 1658-03-08, papier, manuscrit, contrat, null, null, null, """Geneste, m.me de""", null, 1, 1, 1, 2, 0, 0, 1, 0, 1, 1, 1, 0, 0, , 
Ms4300, 40, 1657-1658, Ms4300/40/27, 1657 avril 13, 2, 239 x 183, null, 1657-04-13, papier, manuscrit, lettre, null, null, null, null, Cap-breton, 1, 0, 0, 2, 0, 0, 1, 0, 1, 2, 0, 0, 0, , 
Ms4300, 40, 1657-1658, Ms4300/40/28, 1657 avril 26, 2, 296 x 197, null, 1657-04-26, papier, manuscrit, lettre, null, null, null, """Daffis, m.me""", Bayonne, 1, 2, 3, 3, 0, 0, 1, 0, 1, 2, 0, 0, 0, , 
Ms4300, 40, 1657-1658, Ms4300/40/29, 1657 avril 27 , 2, 226 x 171, null, 1657-04-27, papier, manuscrit, lettre, null, null, null, """Tresne, baron de La""", null, 0, 1, 0, 2, 0, 0, 0, 0, 2, 0, 1, 0, 0, , 
Ms4300, 40, 1657-1658, Ms4300/40/30, 1657 avril 30, 1, 249 x 180, null, 1657-04-30, papier, manuscrit, lettre, null, null, null, null, Bayonne, 0, 0, 0, 2, 1, 0, 0, 0, 2, 2, 0, 0, 0, , 
Ms4300, 40, 1657-1658, Ms4300/40/31/1, 1657 5 mai, 1, 130 x 290, cordelette blanche, 1657-05-05, parchemin, manuscrit, atto notarile, 337, Lettres [...]  d'assignation pour Jacques Le Comte contre G.el de Pontac, de Pontac | Le Comte, """Pontac, François de | Pontac, Gabriel de | Le Comte, Jacques | Merignac, Guyonne de | Salis, de (notaire)""", Paris | Bordeaux, 1, 2, 1, 3, 0, 0, 1, 2, 1, 1, 1, 0, 0, , 
Ms4300, 40, 1657-1658, Ms4300/40/31/2, 1657 8 mai, 1, 232 x 205, cordelette blanche, 1657-05-08, papier, manuscrit, atto notarile, 337, Lettres [...]  d'assignation pour Jacques Le Comte contre G.el de Pontac, de Pontac | Le Comte, """Pontac, François de | Pontac, Gabriel de | Le Comte, Jacques | Merignac, Guyonne de""", Paris | Bordeaux, 1, 2, 1, 2, 0, 0, 1, 1, 1, 1, 1, 0, 0, , 
Ms4300, 40, 1657-1658, Ms4300/40/31/3, xx juin 1657, 2, 180 x 140, cordelette blanche, 1657-06-20, papier, manuscrit, exploit, 337, null, null, """Pontac, Gabriel de | Le Comte, Jacques | Gilles (notaire)""", null, 1, 2, 1, 2, 0, 0, 1, 0, 1, 1, 1, 0, 0, , 
Ms4300, 40, 1657-1658, Ms4300/40/32/1, 1657 11 mai, 1, 253 x 190, cordelette jaune, 1657-05-11, papier, manuscrit, supplie, 337, """Requête par Jacques Le Comte contre M. du Peries, [...] de Larsan""", Le Comte | du Peries | Larsan, """Doux, Le | Le Comte, Jacques | Salis, de (notaire)""", null, 0, 1, 1, 2, 0, 0, 1, 0, 1, 1, 0, 0, 0, , 
Ms4300, 40, 1657-1658, Ms4300/40/32/2, 1657 14 mai, 1, 253 x 189, cordelette jaune, 1657-05-14, papier, manuscrit, supplie, 337, """Requête par Jacques Le Comte contre M. du Peries, [...] de Larsan""", Le Comte | du Peries | Larsan, """Doux, Le | Le Comte, Jacques | Salis, de (notaire)""", null, 1, 1, 1, 2, 1, 0, 1, 0, 0, 1, 0, 0, 0, , 
Ms4300, 40, 1657-1658, Ms4300/40/32/3, 1657 14 mai, 1, 253 x 178, cordelette jaune, 1657-05-14, papier, manuscrit, supplie, 337, """Requête par Jacques Le Comte contre M. du Peries, [...] de Larsan""", Le Comte | du Peries | Larsan, """Doux, Le | Le Comte, Jacques | Greffier, le | Salis, de (notaire)""", null, 0, 1, 1, 2, 0, 0, 1, 0, 1, 1, 0, 0, 0, , 
Ms4300, 40, 1657-1658, Ms4300/40/32/4, 1657 23 avril, 2, 253 x 190, cordelette jaune, 1657-04-23, papier, manuscrit, supplie, 337, """Requête par Jacques Le Comte contre M. du Peries, [...] de Larsan""", Le Comte | du Peries | Larsan, """Doux, Le | Le Comte, Jacques | Périer, Germain du (de Larsan?) | Périer, Pierre du (de Larsan?) | Rubran, Jacques de | Dorat, Jean | Peleau(Nesmond, Guillame de ?)(Nesmond, Guillame de ?) | Salis, de (notaire) | Acombe, d' (notaire)""", null, 0, 1, 1, 2, 1, 0, 1, 0, 1, 2, 0, 0, 0, , 
Ms4300, 40, 1657-1658, Ms4300/40/32/5, 1657 29 mai, 2, 253 x 185, cordelette jaune, 1657-05-29, papier, manuscrit, supplie, 337, """Requête par Jacques Le Comte contre M. du Peries, [...] de Larsan""", Le Comte | du Peries | Larsan, """Doux, Le | Le Comte, Jacques | Périer, Pierre du (de Larsan?) | Peleau(Nesmond, Guillame de ?) | Salis, de (notaire) | Acombe, d' (notaire)""", null, 0, 1, 1, 2, 1, 0, 1, 0, 1, 1, 0, 0, 0, , 
Ms4300, 40, 1657-1658, Ms4300/40/32/6, 1657 14 juin, 2, 253 x 190, cordelette jaune, 1657-06-14, papier, manuscrit, supplie, 337, """Requête par Jacques Le Comte contre M. du Peries, [...] de Larsan""", Le Comte | du Peries | Larsan, """Doux, Le | Le Comte, Jacques | Périer, Germain du (de Larsan?) | Périer, Pierre du (de Larsan?) | Rubran, Jacques de | Dorat, Jean | Peleau(Nesmond, Guillame de ?) | Duval | Salis, de (notaire) | Acombe, d' (notaire)""", null, 0, 1, 1, 2, 1, 0, 1, 1, 1, 2, 0, 0, 0, , 
Ms4300, 40, 1657-1658, Ms4300/40/32/7, 1658 4 mai, 2, 262 x 180, cordelette jaune, 1658-05-04, papier, manuscrit, supplie, 337, """Requête par Jacques Le Comte contre M. du Peries, [...] de Larsan""", Le Comte | du Peries | Larsan, """Doux, Le | Le Comte, Jacques | Périer, Pierre du (de Larsan?) | Salis, de (notaire)""", null, 1, 1, 1, 2, 0, 0, 1, 0, 2, 1, 0, 0, 0, , 
Ms4300, 40, 1657-1658, Ms4300/40/32/8, 1658 7 mai, 2, 246 x 181, cordelette jaune, 1658-05-07, papier, manuscrit, supplie, 337, """Requête par Jacques Le Comte contre M. du Peries, [...] de Larsan""", Le Comte | du Peries | Larsan, """Doux, Le | Le Comte, Jacques | Périer, Germain du (de Larsan?) | Périer, Pierre du (de Larsan?) | Rubran, Jacques de | Dorat, Jean | Salis, de (notaire)""", null, 0, 1, 1, 2, 1, 0, 1, 2, 1, 1, 0, 0, 0, , 
Ms4300, 40, 1657-1658, Ms4300/40/33, 1657 14 mai, 2, 252 x 182, null, 1657-05-14, papier, manuscrit, lettre, 337, Memoire concernant la [...] des [...] Chateauneuf, Chateauneuf, """Chambre, m.me de""", null, 0, 2, 0, 2, 2, 0, 1, 0, 1, 2, 0, 0, 0, , 
Ms4300, 40, 1657-1658, Ms4300/40/34, 1657 30 mai, 6, 251 x 179, null, 1657-05-30, papier, manuscrit, contrat, 338, Nomination d'un garde dans l'Ile de Caudrot par le procurateur Honoré de Lur de [...], Ile de Caudrot | de Lur de [...], """Arche, Bernard d' | Lur-Saluce, Honoré de""", null, 0, 1, 1, 2, 1, 0, 2, 1, 2, 2, 2, 0, 0, , 
Ms4300, 40, 1657-1658, Ms4300/40/35, 1657 4 juin, 2, 303 x 211, null, 1657-06-04, papier, manuscrit, exploit, 338, Exploit pour [...] de La Larme contre M. Gaellard, Gaellard | de La Larme, """Gaillard | [La...], Alphonse de La | Nicolas, (notaire)""", Bordeaux, 2, 2, 2, 2, 1, 0, 1, 1, 2, 3, 1, 0, 0, , Ms_4300_40_35
Ms4300, 40, 1657-1658, Ms4300/40/36, 1657 11 juin, 2, 249 x 182, null, 1657-06-11, papier, manuscrit, atto notarile, 338, Signification a la requête de M. de Lur d'un qrret contre Bernard d'Arche, d'Arche | de Lur, """Lur-Saluce, Honoré de | Arche, Bernard d' | Buerry, (notaire) | Nicolas, (notaire)""", Bordeaux, 0, 1, 1, 2, 0, 0, 1, 1, 2, 3, 2, 0, 0, , x
Ms4300, 40, 1657-1658, Ms4300/40/37, 1657 14 juin, 1, 140 x 172, null, 1657-06-14, papier, manuscrit, atto notarile, 338, Procuration par Fr. de Pontac pour le remplacer qu procès qu'il a contre Jacques Le Comte, de Pontac | Le Comte, """Pontac, François de | Pontac, Gabriel de | Verger, de (notaire)""", null, 0, 2, 1, 0, 1, 0, 0, 0, 1, 2, 0, 0, 0, , 
Ms4300, 40, 1657-1658, Ms4300/40/38, 1657 16 juin, 2, 239 x 177, null, 1657-06-16, papier, manuscrit, atto notarile, 338, Jugement des requêtes du palais concernant M.r du Perier a [...] en faveur de Jacques Le Comte, du Perier | Le Comte, """Le Comte, Jacques | Périer, Pierre du (de Larsan?) | Périer, Germain du (de Larsan?) | Rubran, Jacques de", Isle-fort, 2, 2, 2, 2, 1, 0, 1, 1, 2, 2, 0, 0, 0, , 
Ms4300, 40, 1657-1658, Ms4300/40/39/1, 1657 18 juin, 2, 252 x 186, cordelette, 1657-06-18, papier, manuscrit, papier processuale, 338, Pièces d'un procès entre Arnaud de Pontac et Joseph de Sageau, de Sageau | de Pontac, """Pontac, Arnaud de | Sageau, Joseph de | Domenge""", Vigeois | Bordeaux, 1, 1, 2, 2, 1, 0, 2, 1, 1, 1, 2, 0, 0, , 
Ms4300, 40, 1657-1658, Ms4300/40/39/2, 1657 21 juin, 1, 240 x 174, cordelette, 1657-06-21, papier, manuscrit, papier processuale, 338, Pièces d'un procès entre Arnaud de Pontac et Joseph de Sageau, de Sageau | de Pontac, """Pontac, Arnaud de | Sageau, Joseph de | Domenge""", Vigeois | Bordeaux, 1, 2, 1, 2, 1, 0, 1, 1, 1, 1, 2, 0, 0, , 
Ms4300, 40, 1657-1658, Ms4300/40/39/3, 1657 23 juillet, 2, 251 x 187, cordelette, 1657-07-23, papier, manuscrit, papier processuale, 338, Pièces d'un procès entre Arnaud de Pontac et Joseph de Sageau, de Sageau | de Pontac, """Pontac, Arnaud de | Sageau, Joseph de | Chambre, d. de | Domenge""", Vigeois | Bordeaux, 1, 1, 2, 2, 1, 0, 2, 1, 1, 1, 2, 0, 0, , 
Ms4300, 40, 1657-1658, Ms4300/40/39/4, 1658 30 mai, 1, 247 x 187, cordelette, 1658-05-30, papier, manuscrit, papier processuale, 338, Pièces d'un procès entre Arnaud de Pontac et Joseph de Sageau, de Sageau | de Pontac, """Pontac, Arnaud de | Sageau, Joseph de | Domenge""", Vigeois | Bordeaux, 0, 2, 1, 2, 1, 0, 2, 1, 1, 2, 2, 0, 0, , 
Ms4300, 40, 1657-1658, Ms4300/40/39/5, 1659 21 janv, 2, 251 x 180, cordelette, 1659-01-21, papier, manuscrit, papier processuale, 338, Pièces d'un procès entre Arnaud de Pontac et Joseph de Sageau, de Sageau | de Pontac, """Pontac, Arnaud de | Sageau, Joseph de | Chambre, d. de | Domenge""", Vigeois | Bordeaux, 0, 1, 1, 2, 1, 0, 1, 1, 1, 1, 2, 0, 0, , 
Ms4300, 40, 1657-1658, Ms4300/40/39/6, 1659 14 janv, 2, 254 x 184, cordelette, 1659-01-14, papier, manuscrit, papier processuale, 338, Pièces d'un procès entre Arnaud de Pontac et Joseph de Sageau, de Sageau | de Pontac, """Pontac, Arnaud de | Sageau, Joseph de | Chambre, d. de | Domenge""", Vigeois | Bordeaux, 0, 1, 1, 2, 0, 0, 1, 1, 1, 1, 2, 0, 0, , 
Ms4300, 40, 1657-1658, Ms4300/40/39/7, 1659 30 janv, 2, 248 x 180, cordelette, 1659-01-30, papier, manuscrit, papier processuale, 338, Pièces d'un procès entre Arnaud de Pontac et Joseph de Sageau, de Sageau | de Pontac, """Pontac, Arnaud de | Sageau, Joseph de | Chambre, d. de""", Vigeois | Bordeaux, 0, 1, 1, 2, 0, 0, 1, 0, 1, 1, 2, 0, 0, , 
Ms4300, 40, 1657-1658, Ms4300/40/40/1, 1657 21 juin, 2, 254 x 186, cordelette, 1657-06-21, papier, manuscrit, atto notarile, 338, Arret pour Jacques Le Comte contre Marie Vallet, Vallet | Le Comte, """Le Comte, Jacques | Montallies""", null, 1, 1, 1, 2, 1, 0, 1, 1, 2, 2, 2, 1, 0, , 
Ms4300, 40, 1657-1658, Ms4300/40/40/2, 1657 28 juin, 2, 252 x 187, cordelette, 1657-06-28, papier, manuscrit, atto notarile, null, null, null, """Le Comte, Jacques | Montallies | Acombe, d' (notaire)""", null, 1, 1, 1, 2, 1, 0, 1, 2, 1, 0, 0, 0, 0, , 
Ms4300, 40, 1657-1658, Ms4300/40/41, 1657 juillet 9, 2, 208 x 149, Cachets de cire rouge, 1657-07-09, papier, manuscrit, lettre, null, null, null, """Daffis, m.me""", Bayonne | Bordeaux, 0, 0, 0, 2, 0, 0, 1, 1, 1, 2, 0, 0, 0, , 
Ms4300, 40, 1657-1658, Ms4300/40/42/1, XVII siècle, 1, 110 x 170, 3 cordelettes, 1600/1699, parchemin, manuscrit, papier processuale, null, null, null, """Mothe, Anne de La | Pontac, François de | Bousquillon""", Bordeaux, 0, 3, 1, 2, 0, 0, 1, 1, 1, 1, 1, 0, 2, , 
Ms4300, 40, 1657-1658, Ms4300/40/42/2, XVII siècle, 1, 277 x 177, 3 cordelettes, 1600/1699, papier, manuscrit, papier processuale, null, null, null, """Pontac, François de | Bousquillon""", Bordeaux, 2, 1, 1, 2, 1, 0, 2, 1, 1, 2, 1, 0, 2, , 
Ms4300, 40, 1657-1658, Ms4300/40/42/3, XVII siècle, 1, 246 x 178, 3 cordelettes, 1600/1699, papier, manuscrit, papier processuale, null, null, null, """Mothe, Anne de La | Pontac, François de | Bousquillon""", Bordeaux, 1, 1, 1, 2, 1, 0, 2, 1, 1, 2, 1, 0, 2, , 
Ms4300, 40, 1657-1658, Ms4300/40/42/4, XVII siècle, 1, 278 x 177, 3 cordelettes, 1600/1699, papier, manuscrit, papier processuale, null, null, null, """Mothe, Anne de La | Pontac, François de | Bousquillon""", Bordeaux, 1, 1, 1, 2, 1, 0, 2, 1, 1, 2, 1, 0, 2, , 
Ms4300, 40, 1657-1658, Ms4300/40/42/5, XVII siècle, 1, 116 x 112, 3 cordelettes, 1600/1699, papier, manuscrit, biglietto, null, null, null, null, Bordeaux, 0, 2, 2, 1, 0, 0, 0, 0, 0, 2, 0, 0, 0, , 
Ms4300, 40, 1657-1658, Ms4300/40/42/6, 1657, 1, 105 x 201, 3 cordelettes, 1657, papier, manuscrit, atto notarile, null, null, null, """Pontac, Gabriel de | Bousquillon""", Bordeaux, 2, 1, 2, 1, 0, 0, 1, 0, 2, 1, 0, 0, 0, , 
Ms4300, 40, 1657-1658, Ms4300/40/42/7, 1657 16 9bre, 1, 275 x 182, 3 cordelettes, 1657-11-16, papier, manuscrit, atto notarile, null, null, null, """Mothe, Anne de La |  Bousquillon""", Bordeaux, 0, 1, 2, 2, 0, 0, 1, 1, 1, 2, 0, 0, 0, , 
Ms4300, 40, 1657-1658, Ms4300/40/42/8, 1657 6 juilliet, 2, 373 x 232, 3 cordelettes, 1657-07-06, papier, manuscrit, lettre, 338, Pièces d'un procès entre Anne de La Motte et Jacques Le Comte, Le Comte | La Motte, """Pontac, François de | Le Comte, Jacques | Segne, Jacquette de | Merignac, Guyonne de| Merignac, Gabriel de | Mothe, Anne de La | Bousquillon""", Bordeaux, 1, 1, 1, 2, 2, 0, 2, 0, 1, 2, 2, 0, 2, , x
Ms4300, 40, 1657-1658, Ms4300/40/43, 1657 juillet 6, 2, 226 x 167, cachet de cire rouge, 1657-07-06, papier, manuscrit, lettre, null, null, null, """Tresne, de La""", Bordeaux, 2, 2, 3, 3, 0, 0, 1, 0, 2, 1, 0, 0, 0, , 
Ms4300, 40, 1657-1658, Ms4300/40/44, 30 juillet 1657, 2, 213 x 156, null, 1657-07-30, papier, manuscrit, atto notarile, null, null, null, """Pontac, Arnaud de | Pierre-Buffiers, Françoise de | Pierre-Buffiers, Henry de""", null, 1, 1, 1, 2, 0, 0, 1, 0, 2, 2, 0, 0, 0, , 
Ms4300, 40, 1657-1658, Ms4300/40/45, 1657 juillet 30, 2, 296 x 204, null, 1657-07-30, papier, manuscrit, lettre, null, null, null, """Daffis, m.me""", null, 1, 2, 3, 3, 2, 0, 1, 0, 2, 1, 2, 1, 0, , 
Ms4300, 40, 1657-1658, Ms4300/40/46, 1657 30 juillet, 1, 275 x 190, null, 1657-07-30, papier, manuscrit, atto notarile, null, null, null, Pontac, de, null, 1, 1, 0, 2, 1, 0, 1, 0, 1, 1, 0, 0, 0, , 
Ms4300, 40, 1657-1658, Ms4300/40/47, 1657 31 juillet, 23, 313 x 195, réliure artisanal, 1657-07-31, papier, manuscrit, resoconto, 338, Arret en faveur de F.re de Pierre-Buffiére contre Jeanne de Fabas, de Pierre-Buffière | de Fabas, """Marin, Jean | Pierre-Buffiers, Françoise de | Pierre-Buffiers, Henry de | Fabas, Jeanne de""", null, 3, 2, 1, 3, 1, 1, 2, 0, 2, 2, 1, 0, 0, , 
Ms4300, 40, 1657-1658, Ms4300/40/48, 1657 3 aout, 2, 299 x 185, null, 1657-08-03, papier, manuscrit, supplie, 338, Requête de Jacques Le Comte à propos des [...] de Fr. d'Arriet, d'Arriet | Le Comte, """Traud, Marie de | Arriet, Suzanne d' | Le Comte, Jacques""", null, 1, 1, 3, 3, 1, 0, 1, 1, 2, 3, 1, 0, 0, , 
Ms4300, 40, 1657-1658, Ms4300/40/49, 1657 aout 30, 2, 242 x 181, null, 1657-08-30, papier, manuscrit, lettre, null, null, null, """Chapitain, de | ", Cap-Breton, 0, 0, 0, 2, 1, 0, 1, 1, 1, 3, 0, 0, 0, , 
Ms4300, 40, 1657-1658, Ms4300/40/50, 1657 17 7bre, 2, 245 x 181, null, 1657-09-17, papier, manuscrit, resoconto, 338, """Compte des frais fait pour les funérailles de S.r Germain a La Tresne. 50 lt 8 s""", Germain | La Tresne, """Germain""", null, 0, 2, 0, 2, 0, 0, 0, 0, 2, 1, 0, 0, 0, , 
Ms4300, 40, 1657-1658, Ms4300/40/51, 1657 21 7bre, 4, 250 x 181, réliure artisanal, 1657-09-21, papier, manuscrit, contrat, 338, Cession de 300 lt par Fr. Fayolle et M. de St. Sever contre [...] d'Alesme, de Fayolle | de St. Sever | d'Alesme, """Fayolle, François | Saint-Sever, Arnaud de | Deminuielle, d.elle | Alesme, d.elle d'""", Bordeaux, 1, 1, 0, 2, 0, 0, 1, 2, 1, 3, 0, 0, 0, , 
Ms4300, 40, 1657-1658, Ms4300/40/52, 1657 sept 25, 1, 388 x 257, cachet de cire rouge, 1657-09-25, papier, manuscrit, lettre, null, null, null, null, null, 1, 2, 3, 3, 1, 0, 2, 3, 1, 1, 0, 0, 0, , 
Ms4300, 40, 1657-1658, Ms4300/40/53, 1657 2 8bre, 1, 182 x 182, null, 1657-10-02, papier, manuscrit, quittance, 338, Prorogation de [...] de payement par Mr. de Bacallan pour M.elle de Tustal, de Bacallan | de Tustal, """Bacalan, Aranud de | Tustal, m.melle de""", null, 0, 1, 0, 2, 1, 0, 1, 2, 1, 2, 0, 0, 0, , 
Ms4300, 40, 1657-1658, Ms4300/40/54, 1657 10/15 novembre, 4, 297 x 200, cordelettes, 1657-11-10/1657-11-15, parchemin, manuscrit, atto notarile, null, null, null, """Arche, Bernard d' | Lur-Saluce, Honoré de |  Doublet, Étienne | Maureil, de | Dumergue, (notaire)", null, 3, 3, 3, 3, 3, 1 (2), 1, 2, 2, 1, 2, 2, 0, , x
Ms4300, 40, 1657-1658, Ms4300/40/55, 1657 12 9bre, 10, 260 x 180, réliure artisanal, 1657-11-12, papier, manuscrit, atto notarile, null, null, null, "Lur-Saluce, Honoré de | Sainte-Maure, Isabelle de""", Caudrot, 3, 1, 3, 2, 3, 0, 1, 1, 1, 3, 0, 0, 0, , 
Ms4300, 40, 1657-1658, Ms4300/40/56/1, 1657 22 novbre, 2, 265 x 224, pochette du XIX siècle en protéction du Ms4300/40/56/2, 1657-11-22, papier, manuscrit, document d'archive, null, null, null, null, null, 0, 0, 0, 0, 0, 0, 0, 0, 0, 0, 0, 0, 0, , 
Ms4300, 40, 1657-1658, Ms4300/40/56/2, 1657 nov 22, 2, 245 x 175, null, 1657-11-22, papier, manuscrit, lettre, null, null, null, null, Bordeaux, 3, 1, 3, 2, 3, 0, 1, 2, 2, 1, 1, 0, 0, , 
Ms4300, 40, 1657-1658, Ms4300/40/57, 1657 26 9bre, 4, 252 x 183, réliure artisanal, 1657-11-26, papier, manuscrit, contrat, 339, Bail d'une maison a Bx. par Anne de Massiot, null, """Massiot, Anne de | Daffis, Jean |  Norry, François de | Cremer, (notaire)""", null, 1, 1, 3, 3, 1, 0, 2, 0, 2, 3, 2, 0, 0, , 
Ms4300, 40, 1657-1658, Ms4300/40/58, 1657 9bre, 2, 280 x 182, null, 1657-11, papier, manuscrit, atto notarile, 339, """Sommation a la requête de Louise de Thou, [...] d'Arnaud de Pontac, au receveur des consignations d'avoir a lui payé 4000 lt""", de Thou | de Pontac, """Thou, Louise de | Pontac, Arnaud de""", null, 0, 1, 0, 2, 1, 0, 1, 0, 1, 1, 0, 0, 2, , 
Ms4300, 40, 1657-1658, Ms4300/40/59, 1657 dec 22, 2, 246 x 170, cachet de cire rouge, 1657-12-22, papier, manuscrit, lettre, null, null, null, Derieu, null, 3, 2, 0, 3, 0, 0, 1, 1, 1, 1, 1, 0, 0, , 
Ms4300, 40, 1657-1658, Ms4300/40/60, 1657, 6, 354 x 246, null, 1657, papier, manuscrit, resoconto, 339, null, null, """ Pontac, Arnaud de | Le Comte, Jacques |  Pontac, Geoffroy de | Thou, Gabrielle Louise de | Pontac, Marie Thérèse de (d'Aulède) | Thou, m. de | Deseuriol, Jean | Pot, Jacqueline | Stuart, Paul""", null, 1, 1, 1, 1, 1, 1, 1, 0, 2, 1, 0, 0, 0, , 
Ms4300, 40, 1657-1658, Ms4300/40/61, 1657 ?, 30, 377 x 240, null, 1657, papier, manuscrit, cronaca, 339, Réponse de Jacques Le Comte contre la requête des [...] d'Anne La Motte, La Motte | Le Comte, """Comte, Jean-Baptiste Le | Pontac, François de (d'Anglade) | Merignac, Guyonne de | Pontac, Gabriel de | Guyonne de Segne | Mothe, Anne de | Mandosse, François de | Segne, Jacquette de | Segne, François de""", Bordeaux, 1, 1, 1, 2, 2, 1, 1, 0, 1, 2, 1, 0, 0, , 
Ms4300, 40, 1657-1658, Ms4300/40/62, 1657, 26, 255 x 194, réliure artisanal, 1657, papier, manuscrit, resoconto, 339, null, null, """Dumas, Anthony | Reyne, François | Gaudin, Jean | Millaud, Jean | Denaux, Jean | Grillon, pierre | Laroche""", Bordeaux, 0, 1, 1, 2, 1, 1, 1, 0, 2, 1, 1, 1, 0, , 
Ms4300, 40, 1657-1658, Ms4300/40/63, 1658 2 janv, 1, 280 x 173, null, 1658-01-02, papier, manuscrit, supplie, 339, """Requête au Parlt. de Bordx. par Jacques Le Comte, contre Marg.tte de Ferron, [...] Gabriel de Pontac""", , """Gilles, (notaire) | Ferron de Carbonnieux, Margueritte de | Le Comte, Jacques""", null, 3, 2, 1, 1, 2, 0, 1, 1, 2, 1, 0, 0, 0, , 
Ms4300, 40, 1657-1658, Ms4300/40/64, 1658 3 janv, 6, 243 x 182, timbre, 1658-01-03, papier, manuscrit, contrat, 339, """Trans.on entre Daniel de Tustal, d'une part, et Hector de Clermont et Ester de Tustal, d'autre part, a propos de la succession d'[...] de Tustal", de Tustal | de Clermont, """Tustal, d. de | Laplasse, d.elle de""", null, 0, 0, 0, 2, 1, 0, 1, 1, 1, 3, 0, 0, 0, , 
Ms4300, 40, 1657-1658, Ms4300/40/65, 1658 3 janv, 4, 227 x 176, null, 1658-01-03, papier, manuscrit, contratto, null, null, null, null, null, 1, 2, 0, 2, 1, 0, 1, 1, 3, 3, 0, 0, 0, , 
Ms4300, 40, 1657-1658, Ms4300/40/66, 1658 4 janv, 2, 180 x 128, null, 1658-01-04, papier, manuscrit, quittance, 339, """Reçu de la [...]  du couvent de st. Dominique, d'un loyer de maison""", St. Dominique (couvent), Galibert, Bordeaux | couvent de Saint Dominique, 1, 1, 0, 2, 1, 0, 1, 0, 2, 2, 0, 0, 0, , 
Ms4300, 40, 1657-1658, Ms4300/40/67, 1658 janv 7, 2, 242 x 180, cachet de cire rouge, 1658-01-07, papier, manuscrit, lettre, null, null, null, """Gudin, de""", Bordeaux | Rue de Fosses |  La Rochelle, 1, 1, 0, 2, 0, 0, 1, 1, 2, 1, 0, 0, 0, , 
Ms4300, 40, 1657-1658, Ms4300/40/68/1, 1658 16 janv, 2, 243 x 222, pochette du XIX siècle en protéction du Ms4300/40/68/2, 1658-01-16, papier, manuscrit, document d'archive, null, null, null, null, null, 0, 0, 0, 0, 0, 0, 0, 0, 0, 0, 0, 0, 0, , 
Ms4300, 40, 1657-1658, Ms4300/40/68/2, 1658 16 janv, 2, 312 x 207, cachet de cire rouge, 1658-01-16, papier, manuscrit, lettre, null, null, null, null, Bordeaux, 3, 2, 0, 2, 3, 0, 1, 0, 1, 2, 1, 0, 0, , 
Ms4300, 40, 1657-1658, Ms4300/40/69/1, 26 janvier 1658, 1, 247 x 185, null, 1658-01-26, papier, manuscrit, atto notarile, 339, """Transaction portant partage entre les fils de Jean Bernard, de [B...]""", Bernard | [B...], """Bernard, Jeanne | Bernard,  Margueritte | Bernard, Pierre""", null, 0, 2, 1, 2, 1, 0, 1, 1, 2, 1, 1, 0, 0, , 
Ms4300, 40, 1657-1658, Ms4300/40/69/2, 7 mars 1658, 4, 247 x 190, null, 1658-03-07, papier, manuscrit, atto notarile, null, null, null, Margueritte Bernard, null, 1, 1, 1, 2, 1, 0, 1, 1, 1, 1, 1, 0, 0, , 
Ms4300, 40, 1657-1658, Ms4300/40/70, 1658 29 janv, 2, 246 x 180, null, 1658-01-29, papier, manuscrit, exploit, 339, """Exploit, à la requête de Jacques Le Comte, contre Romy, bourg.s de Bord.x""", Romy | Le Comte, """Romy | Le Comte, Jacques", null, 0, 2, 1, 2, 0, 0, 1, 1, 2, 1, 1, 0, 0, , 
Ms4300, 40, 1657-1658, Ms4300/40/71/1, 1658 2 fevr, 2, 305 x 191, null, 1658-02-02, papier, manuscrit, resoconto, 339, Memoire de la saisie de la terre de Chambret, Chambret, null, Chamberet, 3, 1, 1, 3, 3, 0, 1, 1, 3, 2, 0, 0, 0, , 
Ms4300, 40, 1657-1658, Ms4300/40/71/2, 1662, 2, 180 x 128, null, 1662, papier, manuscrit, memoire, null, null, null, """Chambret, de""", Chamberet, 0, 1, 0, 2, 1, 0, 0, 0, 2, 1, 0, 0, 0, , 
Ms4300, 40, 1657-1658, Ms4300/40/71/3, XVII siècle, 1, 246 x 165, null, 1600-1699, papier, manuscrit, memoire, null, null, null, null, Chamberet, 0, 2, 0, 2, 1, 0, 1, 1, 2, 1, 0, 0, 0, , 
Ms4300, 40, 1657-1658, Ms4300/40/72, 1658 8 fevr, 1, 246 x 180, null, 1658-02-08, papier, manuscrit, atto notarile, 339, Requête par F.s du Boury contre [S...] de La Larme, du Boury | de La larme, """[La...], de La""", null, 1, 2, 3, 2, 0, 0, 1, 1, 3, 0, 0, 0, 0, , 
Ms4300, 40, 1657-1658, Ms4300/40/73/1, 1658 19 fevrier, 2, 284 x 223, pochette du XIX siècle en protéction du Ms4300/40/73/2, 1658-02-19, papier, manuscrit, document d'archive, null, null, null, null, null, 0, 0, 0, 0, 0, 0, 0, 0, 0, 0, 0, 0, 0, , 
Ms4300, 40, 1657-1658, Ms4300/40/73/2, 19 fevrier 1658, 2, 226 x 169, Cachets de cire rouge, 1658-02-19, papier, manuscrit, lettre, null, null, null, """Tresne, de La""", Paris | Bordeaux, 1, 2, 1, 3, 0, 0, 1, 0, 1, 2, 0, 0, 0, , 
Ms4300, 40, 1657-1658, Ms4300/40/74, 1658 20 fevrier, 24, 290 x 216, timbre, 1658-02-20, parchemin, manuscrit, cronaca, 340, [...] et dénombrement presenté par Arnaud de Pontac [...], de Pontac | [...] | [...] | [...], """Foix, Bernard de | Nouet, Pierre | Danieau, Margueritte |  Pontac, Arnaud de | La Mothe | Bernard, Jean | Prevost, Pierre | Arnaud, Pierre | Grillet, Jean | Bertrand, Jean | Renant, Catherine | Sacriste, Antoine | Nouet, Pierre | Bernard, François | Gaillard, Guillien | Gaillard, Pierre | Martin, Bernard""", null, 0, 3, 3, 3, 0, 1 (2), 1, 3, 3, 1, 2, 1, 1, , x
Ms4300, 40, 1657-1658, Ms4300/40/75, 1658 fevr 24, 2, 243 x 174, cachet de cire rouge, 1658-02-24, papier, manuscrit, lettre, null, null, null, null, rue de Fosses | Bordeaux, 1, 1, 1, 2, 0, 0, 1, 0, 0, 0, 1, 0, 0, , 
Ms4300, 40, 1657-1658, Ms4300/40/76, 1658 fevr 28, 2, 193 x 147, cachet de cire rouge, 1658-02-28, papier, manuscrit, lettre, null, null, null, """Tresne, de La""", Bordeaux, 2, 1, 2, 3, 0, 0, 1, 1, 1, 0, 0, 0, 0, , 
Ms4300, 40, 1657-1658, Ms4300/40/77, 1658 2 mars, 8, 305 x 206, codelette, 1658-03-02, parchemin, manuscrit, atto notarile, 340, Condamnation de Pierre de Gabarret fermier des marais d'Oleron pour [...] commis contre M.r de Marran, Gabarret | Oleron | de Marran, """Marrand (Marans?), Jean de | Marrand(Marans?), Jean Joseph de| Gabaret, Pierre""",  Île d'Olerôn | Toulouse, 0, 2, 1, 2, 2, 1 (2), 1, 1, 1, 0, 2, 0, 1, , 
Ms4300, 40, 1657-1658, Ms4300/40/78, 1658 7 mars, 6, 250 x 185, null, 1658-03-07, papier, manuscrit, atto notarile, 340, Partage des [...] de la famille Bernard, a [B...], [B...], """Bernard, Margueritte | Bernard, Jeanne""", null, 1, 0, 0, 2, 0, 0, 2, 1, 2, 1, 1, 0, 0, , 
Ms4300, 40, 1657-1658, Ms4300/40/79, 1658 8 mars, 2, 248 x 180, timbre en mauvais état, 1658-03-08, papier, manuscrit, atto notarile, null, null, null, """Roche | Calmette, d. de""", null, 3, 2, 3, 2, 0, 0, 1, 0, 2, 3, 0, 0, 0, , 
Ms4300, 40, 1657-1658, Ms4300/40/80, 1658 mars 17, 2, 204 x 159, cachet de cire rouge, 1658-03-17, papier, manuscrit, lettre, null, null, null, Grillon, Bordeaux, 3, 2, 3, 2, 1, 0, 0, 1, 0, 1, 0, 0, 0, , 
Ms4300, 40, 1657-1658, Ms4300/40/81, 1658 18 mars, 6, 250 x 193, null, 1658-03-18, papier, manuscrit, resoconto, 340, Memoire des objects aux chateaux du Luc et de La Motte, Le Luc | La Motte, """Comte, Le""", Chateau de la Mothe, 0, 1, 0, 2, 1, 0, 1, 0, 1, 1, 0, 0, 0, , 
Ms4300, 40, 1657-1658, Ms4300/40/82, 1658 21 mars, 8, 238 x 190, null, 1658-03-21, papier, manuscrit, contrat, 340, Revente de la terre de St. Louis au Perigord par Marie de Ferrand a M.r de [...] du Longa, St. Louis | Perigord | de Ferrand | de [...] Longa, null, null, 1, 2, 1, 3, 2, 0, 2, 0, 1, 1, 1, 0, 0, , 
Ms4300, 40, 1657-1658, Ms4300/40/83, 1658 mars 24, 2, 225 x 164, cachet de cire rouge, 1658-03-24, papier, manuscrit, lettre, null, null, null, """Le Comte, François Arthur | Daffis, Jean | Daffis, Catherine| Langoyrand, m.e de""", null, 0, 2, 0, 3, 0, 0, 1, 1, 2, 2, 0, 0, 0, , 
Ms4300, 40, 1657-1658, Ms4300/40/84, 1658 10 avril, 2, 230 x 174, null, 1658-04-10, papier, manuscrit, inventaire, 340, [...] chez le vigneron de Salles, Salles, null, Salles, 0, 1, 0, 2, 1, 0, 1, 1, 2, 2, 0, 0, 0, , 
Ms4300, 40, 1657-1658, Ms4300/40/85, 1658 avril 11, 2, 221 x 170, cachet de cire rouge, 1658-04-11, papier, manuscrit, lettre, null, null, null, """Le Comte, François Arthur""", Paris, 2, 2, 3, 2, 3, 0, 1, 3, 2, 1, 0, 0, 2, , 
Ms4300, 40, 1657-1658, Ms4300/40/86, 1658 12 avril, 1, 127 x 170, null, 1658-04-12, papier, manuscrit, null, 340, Convocation de Jean Hélery pour voir mettre a [...] Antoine Helery des [...] du d. Jean, Helery, null, null, 0, 1, 2, 3, 0, 0, 1, 1, 2, 0, 0, 0, 0, , 
Ms4300, 40, 1657-1658, Ms4300/40/87, 1658 8 mai, 2, 252 x 185, null, 1658-05-08, papier, manuscrit, cambiale, 340, Promesse par Jean d'Allegret à M.r d'Anglades de lui payer la somme de 84 lt, d'Allegret | d'Anglade, """Anglade, d' (Pontac, François de?) | Allgret, Isabeau d' (Chassaigne)""", Bordeaux, 1, 2, 0, 2, 1, 0, 1, 1, 1, 1, 0, 0, 0, , 
Ms4300, 40, 1657-1658, Ms4300/40/89, 1658 13 mai, 12, 255 x 185, null, 1658-05-13, papier, manuscrit, carta processuale, 340, """Procès entre M.r de Marran, [...] de St. Georges d'Oleron, et Pierre Gabarret à propos des salines""", Oleron | du Marran | Gabarret, """Marrand (Marans?), Jean de | Marrand(Marans?), Jean Joseph de| Gabaret, Pierre | [Chasselon...], Jean | Ramé, Jean | Drillaud, Pierre | [V...], Jean de la | [Charr...], François | [Bo...], Jean du | Charrier, François | Charrier, Pierre""", Île d'Olerôn, 0, 1, 0, 2, 2, 0, 1, 1, 2, 3, 0, 0, 0, , 
Ms4300, 40, 1657-1658, Ms4300/40/90/1, 13 mai 1658, 1, 169 x 287, cordelette rouge, 1658-05-13, parchemin, manuscrit, atto notarile, 340, Arrêt [condamn...] Pierre du Perier à [...] de Jacques Le Comte, du Perier | Le Comte, """Nesmond, (Guillame de ?) | Le Comte, Jacques | Périer, Pierre du (de Larsan?) | Périer, Germain du (de Larsan?) | Beylie, Jean de la""", null, 1, 2, 1, 3, 1, 0, 1, 1, 3, 0, 1, 1, 0, , 
Ms4300, 40, 1657-1658, Ms4300/40/90/2, 1663 11 janv, 1, 105 x 195, cordelette rouge, 1663-01-11, parchemin, manuscrit, atto notarile, null, null, null, null, null, 0, 2, 1, 2, 0, 0, 1, 2, 3, 0, 1, 1, 0, , 
Ms4300, 40, 1657-1658, Ms4300/40/91, 1658 15 mai, 2, 237 x 186, null, 1658-05-15, papier, manuscrit, null, 340, Remises de pièces par la proc.r de [Roma...] de la Vergne à celui de M.r Le Comte, Le Comte | de la Vergne, """[...], Romain de""", null, 0, 2, 1, 3, 0, 0, 1, 1, 1, 0, 0, 0, 0, , 
Ms4300, 40, 1657-1658, Ms4300/40/92, 1658 17 mai, 4, 306 x 190, null, 1658-05-17, papier, manuscrit, supplie, 340, Requête en opposition [...] par Fr. Cqrrière sur la [...], Carrière, """Carrière, François""", null, 1, 1, 3, 2, 1, 0, 1, 0, 3, 3, 0, 0, 0, , 
Ms4300, 40, 1657-1658, Ms4300/40/93, 1658 mai, 1, 253 x 176, null, 1658-05, papier, manuscrit, null, 340, Lettres [roya...] en faveur d'Anne de Massiot, de Massiot, """Massiot, Anne de""", Bordeaux, 3, 1, 0, 2, 2, 0, 1, 1, 2, 1, 0, 0, 0, , 
Ms4300, 40, 1657-1658, Ms4300/40/94, 1658 8 juin, 12, 283 x 181, depôts de rouille, 1658-06-08, papier, manuscrit, contrat, null, null, null, """Pierrebuffière, Marthe de | Fabas, Jean de""", null, 0, 2, 1, 2, 1, 0, 1, 0, 2, 2, 1, 0, 0, , 
Ms4300, 40, 1657-1658, Ms4300/40/95, 1658 juin 20, 2, 256 x 183, null, 1658-06-20, papier, manuscrit, lettre, null, null, null, """Bellay, m.e de""", null, 2, 1, 0, 2, 1, 0, 1, 0, 1, 3, 0, 0, 0, , 
Ms4300, 40, 1657-1658, Ms4300/40/96, 1658 22 juillet, 1, 245 x 181, null, 1658-07-22, papier, manuscrit, partage, [341], null, null, null, null, 2, 2, 1, 3, 1, 0, 1, 0, 2, 1, 0, 0, 0, , 
Ms4300, 40, 1657-1658, Ms4300/40/97/1, 1658 6 aout, 1, 249 x 182, cordelette jaune, 1658-08-06, papier, manuscrit, carta processuale, 341, Procès entre Jacques Le Comte et les fermiers du domain à propos de [...] à Tresses, Tresses | Le Comte, """Lacoste, Bertrand | Le Comte, Jacques""", Bordeaux, 3, 2, 1, 3, 2, 0, 1, 0, 2, 0, 0, 0, 0, , 
Ms4300, 40, 1657-1658, Ms4300/40/97/2, 1661 14 juin, 2, 254 x 189, cordelette jaune, 1658-06-14, papier, manuscrit, carta processuale, 341, Procès entre Jacques Le Comte et les fermiers du domain à propos de [...] à Tresses, Tresses | Le Comte, """Lacoste, Bertrand""", null, 1, 1, 1, 2, 1, 0, 1, 1, 2, 0, 1, 0, 0, , 
Ms4300, 40, 1657-1658, Ms4300/40/97/3, XVII siècle, 1, 248 x 187, cordelette jaune, 1600-1699, papier, manuscrit, carta processuale, 341, Procès entre Jacques Le Comte et les fermiers du domain à propos de [...] à Tresses, Tresses | Le Comte, """Lacoste, Bertrand""", null, 0, 0, 1, 2, 1, 0, 1, 1, 1, 0, 1, 0, 0, , 
Ms4300, 40, 1657-1658, Ms4300/40/97/4, 1667 7 mars, 2, 247 x 185, cordelette jaune, 1667-03-07, papier, manuscrit, carta processuale, 341, Procès entre Jacques Le Comte et les fermiers du domain à propos de [...] à Tresses, Tresses | Le Comte, """Lacoste, Bernard | Le Comte, François Arhur | Ferran, (notaire)", null, 1, 1, 1, 2, 1, 0, 1, 1, 2, 1, 2, 0, 0, , 
Ms4300, 40, 1657-1658, Ms4300/40/97/5, 1667 16 mars, 2, 250 x 185, cordelette jaune, 1667-03-16, papier, manuscrit, supplie, 341, Procès entre Jacques Le Comte et les fermiers du domain à propos de [...] à Tresses, Tresses | Le Comte, """Lacoste, Bertrand | Le Comte, Jean | D'Acombe (notaire)""", null, 1, 1, 1, 2, 1, 0, 1, 2, 1, 0, 2, 0, 0, , 
Ms4300, 40, 1657-1658, Ms4300/40/97/6, 1667 18 aout, 2, 250 x 188, cordelette jaune, 1667-08-18, papier, manuscrit, atto notarile, 341, Procès entre Jacques Le Comte et les fermiers du domain à propos de [...] à Tresses, Tresses | Le Comte, """Lacoste, Bertrand | Le Comte, Jean| D'Acombe (notaire)""", null, 0, 1, 1, 2, 1, 0, 1, 1, 2, 2, 2, 0, 0, , 
Ms4300, 40, 1657-1658, Ms4300/40/97/7, XVII siècle, 2, 261 x 185, cordelette jaune | dessins, 1600-1699, papier, manuscrit, resoconto, 341, Procès entre Jacques Le Comte et les fermiers du domain à propos de [...] à Tresses, Tresses | Le Comte, """Lacoste, Bertrand""", null, 3, 2, 2, 3, 2, 0, 1, 0, 3, 0, 1, 0, 1, , 
Ms4300, 40, 1657-1658, Ms4300/40/97/8, XVII siècle, 1, 173 x 250, cordelette jaune | dessins, 1600-1699, papier, manuscrit, dessin, 341, Procès entre Jacques Le Comte et les fermiers du domain à propos de [...] à Tresses, Tresses | Le Comte, null, null, 1, 2, 1, 2, 1, 0, 1, 0, 2, 0, 1, 0, 0, , 
Ms4300, 40, 1657-1658, Ms4300/40/98, 1658 aout 19, 1, 256 x 177, null, 1658-08-19, papier, manuscrit, lettre, null, null, null, """[Van...], de""", null, 1, 2, 0, 2, 1, 0, 1, 0, 0, 2, 0, 0, 0, , 
Ms4300, 40, 1657-1658, Ms4300/40/99, 7 septemb 1658, 2, 240 x 176, null, 1658-09-07, papier, manuscrit | stampa, atto giudiziale, 341, """Arrêt du conseil du roi entre Catherine de Laman e des Tauzia, pour lequel Charles de Tauzia est condamné""", de Laman | Tauzia, """Caumont, Jacques de | Regondie, Jean de la |Pierreuffière, Françoise de | Pierrebuffière, Henri de | Fabas, dame de | Betaud, Louys | Pierre-buffieres,  Marguerite de | Pontac, Arnaud de | Poussigné, Bernard de | Lorton, Pierre | Castelnau, Jacques de | Turin, dame de | Bailly, Nicolas | Ferrieres de Sauuebeuf, Charles Anthoine de | Peyre, Ambre de la | Mercier, Jean le | Larzillac et Consors, François de | Pierrebuffière, Marthe de | Fabas, Jeanne de | Sermanton, Jean | Pierrebuffière, Charles de | Basset, Albert""", null, 2, 2, 1, 2, 1, 0, 1, 0, 2, 3, 0, 0, 0, , 
Ms4300, 40, 1657-1658, Ms4300/40/100, 1658 26 7bre, 2, 249 x 185, null, 1658-09-26, papier, manuscrit, atto notarile, [341], """[Arrêt du conseil du roi entre Cqtherine de La Nan et les Tauzia, pour lequel Charles Tauzia est condamné]""", de La Nan | Tauzia, """Tauzia, Jacques | [La...], Catherine de""", null, 0, 0, 3, 3, 1, 0, 1, 1, 2, 3, 0, 0, 0, , x
Ms4300, 40, 1657-1658, Ms4300/40/101, 1658 4 8bre, 2, 252 x 175, null, 1658-10-04, papier, manuscrit, verbale, 341, Enquête a propos d'une bataille dans une auberge de Belìn, Belìn, [null], Belìn, 0, 2, 0, 2, 1, 0, 1, 1, 2, 1, 0, 0, 0, , 
Ms4300, 40, 1657-1658, Ms4300/40/102, 1658 5 8bre, 2, 292 x 195, null, 1658-10-05, papier, manuscrit, atto notarile (transport), 341, Transport fait au [...] de Chambret, Chambret, """Chambret, de""", null, 0, 2, 0, 3, 1, 0, 2, 1, 1, 1, 1, 0, 0, , 
Ms4300, 40, 1657-1658, Ms4300/40/103, 1658 oct 6, 2, 220 x 165, null, 1658-10-06, papier, manuscrit, lettre, null, null, null, """[G...], m.e de | Tresne, de La""", null, 3, 3, 3, 3, 3, 0, 1, 2, 2, 1, 0, 0, 0, , 
Ms4300, 40, 1657-1658, Ms4300/40/104, 1658 13 8bre, 2, 221 x 164, null, 1658-10-13, papier, manuscrit, lettre, null, null, null, """[G...], m.e de""", null, 3, 3, 3, 3, 3, 0, 1, 1, 1, 1, 2, 0, 0, , 
Ms4300, 40, 1657-1658, Ms4300/40/105, 1658 25 8bre, 1, 211 x 203, null, 1658-10-25, papier, manuscrit, atto notarile, 341, Procuration par Fr. de Pontac pour le remplacer au parlt. de Paris au procès [...] Jacques Le Comte, Pontac | Le Comte, """Pontac, François de""", Paris, 1, 2, 0, 2, 2, 0, 2, 1, 2, 1, 2, 0, 0, , 
Ms4300, 40, 1657-1658, Ms4300/40/106, 1658 27 8bre, 2, 255 x 181, null, 1658-10-27, papier, manuscrit, inventaire, 341, Estimation du betail de la métaire de Salles, Salles, null, Salles, 1, 2, 0, 2, 2, 0, 1, 0, 1, 2, 1, 0, 0, , 
Ms4300, 40, 1657-1658, Ms4300/40/107, 1658 2 9bre, 2, 257 x 185, null, 1658-11-02, papier, manuscrit, contrat, 341, Vente par M. de Pontac d'un [...] à Salles, Salles | de Pontac, """Lauriell, Jean de | [Sca...], Jacques | Pontac, de | Salle, Jean de la""", Salles, 0, 1, 0, 2, 1, 0, 1, 0, 1, 3, 0, 0, 0, , 
Ms4300, 40, 1657-1658, Ms4300/40/108, 1658 nov 12, 2, 225 x 163, null, 1658-11-12, papier, manuscrit, lettre, null, null, null, """[G...], m.e de""", Paris, 3, 3, 3, 3, 3, 0, 1, 1, 2, 1, 2, 0, 0, , 
Ms4300, 40, 1657-1658, Ms4300/40/109, 1658 21 9bre, 2, 172 x 115, null, 1658-11-21, papier, manuscrit, lettre, null, null, null, """Tresne, La""", Paris | Bordeaux, 1, 2, 2, 3, 1, 0, 0, 0, 1, 0, 0, 0, 0, , 
Ms4300, 40, 1657-1658, Ms4300/40/110, 1658 1r xbre, 2, 255 x 178, null, 1658-12-01, papier, manuscrit, atto notarile, 341, Obligation d'une somme de 1800 lt  par M.r de Gourdet a M.r de La Larme, de Gourdet | de La Larme, """[La...], Alphonse de La | Gourdet, de", St. Marias, 0, 1, 0, 2, 1, 0, 1, 0, 2, 3, 2, 0, 0, , 
Ms4300, 40, 1657-1658, Ms4300/40/111/1, 16 decembre 1658, 6, 310 x 215, null, 1658-12-16, papier, manuscrit, supplie, 341, """Requete d'Elie Vergnol contre la succession de M.r Montporullan, tous [...] anciens farmiers de Montravel""", Vergnol | Montporullan | Montravel, """Vergnol, Elie | Monpouillan, de""", Montravel | Bordeaux, 2, 0, 1, 3, 1, 0, 1, 0, 2, 2, 0, 0, 0, , 
Ms4300, 40, 1657-1658, Ms4300/40/111/2, 1659 19 aout, 1, 250 x 183, null, 1658-08-19, papier, manuscrit, atto notarile, null, null, null, """Monpouillan, de""", null, 0, 1, 1, 2, 1, 0, 1, 1, 2, 0, 1, 0, 0, , 
Ms4300, 40, 1657-1658, Ms4300/40/112, 1658, 6, 260 x 188, null, 1658, papier, manuscrit, resoconto (somaire), 341, Dispins adjougé a Arme de Massiot contre Arnaud [...], de Massiot, """Daffis, Catherine| [Pontac], Arnaud [de]""", null, 3, 2, 3, 3, 3, 0, 1, 2, 2, 2, 2, 0, 1, , 
Ms4300, 40, 1657-1658, Ms4300/40/113, vers 1658, 12, 278 x 186, null, 1658, papier, manuscrit, inventario, 341, Inventaire de [p... f...] par Jean Servant curqteur de la succession d'Anne de la Motte contre [...] de Gl. de Pontac , de La Motte | de Pontac, """Bosquillon | Ferron de Carbonnieux, Marguerite de | Pontac, Gabriel de | Pontac, François de | Le Comte, Jacques | Mothe, Anne de la | Merignac, Buyonne de""", null, 2, 2, 2, 2, 1, 0, 1, 0, 2, 2, 0, 0, 0, , 
Ms4300, 40, 1657-1658, Ms4300/40/114/1, 1658, 2, 305 x 195, cordelette rose, 1658, papier, manuscrit, atto notarile, 341, Pièces d'un procès entre Arnaud de Pontac et [...] de Pierre-buffieres, de Pierre-Buffieres | de Pontac, """Pierrebuffière, Françoise de | Pontac, Arnaud de | [S...], Marin""", null, 3, 2, 2, 2, 3, 0, 2, 0, 2, 1, 2, 0, 0, , 
Ms4300, 40, 1657-1658, Ms4300/40/114/2, XVII siècle, 1, 280 x 177, cordelette rose, 1600-1699, papier, manuscrit, atto notarile, null, null, null, """Pierrebuffière, Françoise de | Pontac, Arnaud de | [S...], Marin""", null, 3, 2, 1, 2, 3, 0, 2, 0, 1, 0, 2, 0, 2, , 
Ms4300, 40, 1657-1658, Ms4300/40/114/3, XVII siècle, 1, 286 x 178, cordelette rose, 1600-1699, papier, manuscrit, atto notarile, null, null, null, """Pierrebuffière, Françoise de | Pontac, Arnaud de | [S...], Marin""", null, 3, 1, 1, 2, 3, 0, 2, 0, 1, 1, 2, 0, 2, , 
Ms4300, 40, 1657-1658, Ms4300/40/114/4, XVII siècle, 1, 279 x 183, cordelette rose, 1600-1699, papier, manuscrit, atto notarile, null, null, null, """Pierrebuffière, Françoise de | Pontac, Arnaud de | [S...], Marin""", null, 3, 1, 1, 1, 3, 0, 1, 1, 2, 1, 2, 0, 2, , 
Ms4300, 40, 1657-1658, Ms4300/40/114/5, XVII siècle, 1, 284 x 183, cordelette rose, 1600-1699, papier, manuscrit, atto notarile, null, null, null, """Pierrebuffière, Françoise de | Pontac, Arnaud de | [S...], Marin""", null, 1, 1, 1, 2, 2, 0, 1, 1, 2, 1, 0, 0, 2, , x
Ms4300, 40, 1657-1658, Ms4300/40/114/6, XVII siècle, 1, 277 x 185, cordelette rose, 1600-1699, papier, manuscrit, atto notarile, null, null, null, """Pierrebuffière, Françoise de | Pontac, Arnaud de | [S...], Marin""", null, 1, 1, 1, 2, 2, 0, 1, 0, 2, 1, 0, 0, 2, , x
Ms4300, 40, 1657-1658, Ms4300/40/114/7, XVII siècle, 2, 280 x 186, cordelette rose, 1600-1699, papier, manuscrit, atto notarile, null, null, null, """Pierrebuffière, Françoise de | Pontac, Arnaud de | [S...], Marin""", null, 0, 2, 1, 2, 2, 0, 1, 0, 2, 1, 0, 0, 2, , 
Ms4300, 40, 1657-1658, Ms4300/40/114/8, 1659, 1, 76 x 183, cordelette rose, 1659, papier, manuscrit, atto notarile, null, null, null, """Pontac, Arnaud de""", null, 1, 0, 2, 0, 1, 0, 1, 0, 1, 1, 0, 0, 0, , 
Ms4300, 40, 1657-1658, Ms4300/40/114/9, XVII siècle, 1, 280 x 185, cordelette rose, 1600-1699, papier, manuscrit, atto notarile, null, null, null, """Pierrebuffière, Françoise de | Pontac, Arnaud de | [S...], Marin""", null, 0, 2, 1, 2, 1, 0, 1, 1, 2, 1, 0, 0, 2, , 
Ms4300, 40, 1657-1658, Ms4300/40/114/10, XVII siècle, 2, 306 x 203, cordelette rose, 1600-1699, papier, manuscrit, atto notarile, null, null, null, """Pierrebuffière, Françoise de | Pontac, Arnaud de""", null, 3, 2, 1, 2, 2, 0, 1, 2, 2, 1, 0, 0, 2, , 
Ms4300, 40, 1657-1658, Ms4300/40/114/11, XVII siècle, 2, 308 x 197, cordelette rose, 1600-1699, papier, manuscrit, atto notarile, null, null, null, """Pierrebuffière, Françoise de | Pontac, Arnaud de | [S...], Marin""", null, 3, 2, 1, 2, 3, 0, 1, 1, 2, 1, 0, 0, 0, , 
Ms4300, 40, 1657-1658, Ms4300/40/114/12, 1659, 1, 126 x 217, cordelette rose, 1659, parchemin, manuscrit, atto notarile, null, null, null, """Pierrebuffière, Françoise de | Pontac, Arnaud de | [S...], Marin""", null, 0, 2, 1, 2, 0, 0, 2, 1, 2, 0, 0, 0, 0, , 
Ms4300, 40, 1657-1658, Ms4300/40/114/13, XVII siècle, 4, 292 x 252, cordelette rose, 1600-1699, papier, manuscrit, atto notarile, null, null, null, """Pierrebuffière, Françoise de | Pontac, Arnaud de | [S...], Marin""", null, 3, 2, 3, 2, 3, 0, 2, 0, 2, 1, 0, 0, 1, , 
Ms4300, 40, 1657-1658, Ms4300/40/114/14, 1658, 1, 286 x 198, cordelette rose, 1658, papier, manuscrit, atto notarile, null, null, null, """Pierrebuffière, Françoise de | Pontac, Arnaud de | [S...], Marin""", null, 3, 1, 1, 2, 3, 0, 1, 0, 2, 2, 0, 0, 2, , 
Ms4300, 40, 1657-1658, Ms4300/40/114/15, 1658, 1, 293 x 202, cordelette rose, 1658, papier, manuscrit, atto notarile, null, null, null, """Pierrebuffière, Françoise de | Pontac, Arnaud de | [S...], Marin""", null, 2, 2, 1, 2, 3, 0, 1, 0, 1, 2, 0, 0, 2, , 
Ms4300, 40, 1657-1658, Ms4300/40/114/16, XVII siècle, 2, 285 x 197, cordelette rose, 1600-1699, papier, manuscrit, atto notarile, null, null, null, """Pierrebuffière, Françoise de | Pontac, Arnaud de | [S...], Marin""", null, 2, 2, 1, 2, 2, 0, 1, 1, 1, 1, 0, 0, 2, , ,
